{
    "courseCode": "BA3102",
    "courseName": "Quantitative Techniques",
    "courseType": "Program Elective",
    "coursePeriod": "Semester I",
    "creditName": "Credits(4)",
    "creditName1": "Course Outcomes (COs)",
    "creditName2": "Mapped to this course",
    "credits": {
        "lecture": "3",
        "Tutorial": "0",
        "Practical": "1",
        "Project": "0"
    },
    "co": {
        "CO2": "CO2",
        "CO4": "CO4",
        "CO5": "CO5",
        "CO7": "CO7",
        "CO13": "CO13",
        "CO14": "CO14",
        "CO12": "CO12"
    },
    "po": {
        "PO2": "PO2",
        "PO10": "PO10",
        "PO12": "PO12",
        "PO8": "PO8"
    }
}
